name,domain,engine,developer,reachable,status,has_inventory,requires_js,listing_hits,tera_token,property_pages,api_candidates,sitemap,robots_disallowed,error
ADMINISTRACIÓN CIRIACOS’S,ciriacos.com.uy,custom,,true,200,false,false,0,,,,,false,
ALDA Group,alda.com.uy,custom,,true,200,false,true,0,,,,https://www.alda.com.uy/sitemap.xml,false,
ALEJANDRO PERAZZO INMOBILIARIA,alejandroperazzo.com,custom,,true,404,true,false,9,,https://uruguaysothebysrealty.com/propiedades,,https://uruguaysothebysrealty.com/sitemap.xml,false,
ALTIUS GROUP,altius.com.uy,custom,,true,500,false,false,0,,,,,false,
AMARRAS INMOBILIARIA,amarras.com.uy,custom,,true,200,true,false,6,,https://amarras.com.uy/propiedades https://amarras.com.uy/propiedades/,,https://amarras.com.uy/sitemap.xml,false,
ATLANTIC SOUTH REAL ESTATE,atlanticsouth.com.uy,custom,,true,200,false,false,0,,,,,false,
BABENCO NEGOCIOS INMOBILIARIOS,babencopropiedades.com.uy,custom,,true,200,false,false,0,,,,https://www.babencopropiedades.com.uy/sitemap.xml,true,
BEBA PAEZ VILARÓ INMOBILIARIA,bebapaezvilaro.com,custom,,true,403,false,false,0,,,,,false,
BRAGLIA INMOBILIARIA,braglia.com.uy,custom,,true,200,true,false,40,,https://braglia.com.uy/ https://braglia.com.uy/propiedades/listado,https://braglia.com.uy/assets/adapi_logo_2-a5b687d2c29e066681de7fa4de5f61905dd9399a535dfb599b303be3e01358c7.jpg,https://braglia.com.uy/sitemap.xml,false,
BROKER BIENES RAICES,broker.com.uy,custom,,true,200,false,false,0,,,https://broker.com.uy/~api/analytics,https://broker.com.uy/sitemap.xml,false,
C Y C PROPIEDADES GRACIELA CLAVIJO,cycpropiedades.com,custom,,true,200,false,false,0,,,,,false,
CAMPOS DEL ESTE NEGOCIOS INMOBILIARIOS,camposdeleste.com,custom,,true,200,false,false,0,,,,,false,
CIALCETA PROPIEDADES,campouruguayo.com,custom,,true,200,true,false,4,,https://www.campouruguayo.com/,,,false,
COLDWELL BANKER URUGUAY,coldwellbanker.com.uy,custom,,true,403,false,false,0,,,,,false,
COLMENA NEGOCIOS INMOBILIARIOS,inmobiliariacolmena.com.uy,custom,sierra,true,200,true,false,20,,https://www.inmobiliariacolmena.com.uy/apartamentos/en-venta/ https://www.inmobiliariacolmena.com.uy/casas/en-venta/ https://www.inmobiliariacolmena.com.uy/apartamentos/en-alquiler/,,,false,
COVELLO INTERNATIONAL,covellouruguay.com,custom,,true,200,true,false,40,,http://www.covellouruguay.com/propiedades,,,false,
DANIEL RODRÍGUEZ ADMINISTRACIONES,danielrodriguez.administracion.com.uy,custom,,true,200,false,false,0,,,,,false,
DANTE Y GUSTAVO IOCCO INMOBILIARIA,iocco.com.uy,custom,,true,200,true,false,7,,https://www.iocco.com.uy/propiedades https://www.iocco.com.uy/propiedades/,,,false,
DREAMPROP,dreamprop.net,custom,,true,403,false,false,0,,,,,false,
ENGEL & VÖLKERS PUNTA DEL ESTE,engelvoelkers.com,custom,,true,200,false,false,0,,,,https://www.engelvoelkers.com/sitemap.xml,false,
GRUPO GARDIOL NEGOCIOS INMOBILIARIOS,grupogardiol.com,custom,,true,403,false,false,0,,,,,false,
HOME2GO,home2go.com.uy,custom,,true,200,false,false,0,,,,,false,
JACQUELINE MOREIRA INMOBILIARIA,moreirainmobiliaria.com.uy,custom,,true,200,false,false,0,,,https://fonts.googleapis.com,https://www.moreirainmobiliaria.com.uy/sitemap.xml,false,
JUAN GOÑI NEGOCIOS INMOBILIARIOS,jgprop.com.ar,custom,,true,200,true,false,9,,https://www.jgprop.com.ar/Propiedades https://www.jgprop.com.ar/Venta https://www.jgprop.com.ar/Casas,,,false,
KELLER WILLIAMS ONE,kwuruguay.com,custom,,true,200,true,false,6,,https://kwuruguay.com/,,,false,
KOSAK INMOBILIARIA,kosak.com.uy,custom,,true,200,true,false,4,,https://www.kosak.com.uy/propiedades https://www.kosak.com.uy/propiedades/,,,false,
LAMAR INMOBILIARIA,lamar.com.uy,custom,,true,200,true,false,3,,http://www.lamar.com.uy/,,,false,
LIDER INMOBILIARIA,liderinmobiliaria.uy,custom,,true,200,true,false,4,,https://www.liderinmobiliaria.uy/,,,false,
LIJTMAER PROPIEDADES,lijtmaer.com,custom,,true,403,false,false,0,,,,,false,
LLORET DE MAR – GREEN PARK,greenpark.com,custom,,true,200,false,false,0,,,,https://greenparkgroup.ca/sitemap.xml,false,
MACARENA FERRANDO BIENES RAICES,ferrando.com.uy,custom,,true,200,false,false,0,,,,,false,
MAGDALENA GIURIA INMOBILIARIA,magdalenagiuria.com.uy,custom,,true,403,false,false,0,,,,,false,
MARIANA SAGASTI REAL ESTATE,msagasti.com,custom,,true,200,false,false,0,,,,https://msagasti.com/sitemap.xml,false,
MARINA RISSO INVERSIONES,marinarisso.com,custom,,true,403,false,false,0,,,,,false,
MIRANDA BOSCH URUGUAY,mirandabosch.com,custom,,true,200,true,false,22,,https://www.mirandabosch.com/residencial/departamentos-venta-recoleta-de-2-ambientes https://www.mirandabosch.com/residencial/departamentos-venta-recoleta-de-3-ambientes https://www.mirandabosch.com/residencial/departamentos-venta-recoleta-de-4-ambientes,,,false,
NANCY REGA – RAMÓN CASTIGLIA,nrc.com.uy,custom,,true,200,false,true,0,,,"https://fonts.googleapis.com/css?family=Raleway:400,200,100,300,500,600,700,800,900",,false,
ORGANIZACIÓN ACASSUSO PROPIEDADES,org-acassuso.com.ar,custom,,true,200,true,false,9,,https://www.org-acassuso.com.ar/Venta https://www.org-acassuso.com.ar/Alquiler https://www.org-acassuso.com.ar/Propiedades,,,false,
OTTO+OTTO NEGOCIOS INMOBILIARIOS,ottoinmobiliaria.com.uy,custom,,true,200,false,true,0,,,,,false,
PASSADORE OTERO ASESORES EN NEGOCIOS INMOBILIARIOS,passadore.uy,custom,,true,200,false,false,0,,,,,false,
PAULO ALVEZ SOLUCIONES INMOBILIARIAS,pauloalvez.com.uy,custom,,true,200,true,false,8,,https://www.pauloalvez.com.uy/propiedades/,,https://www.pauloalvez.com.uy/sitemap.xml,false,
PDE PROPIEDADES,pdepropiedades.com,custom,,true,200,false,false,0,,,,https://pdepropiedades.com/sitemap.xml,false,
PELUFO Y SCHIAVO ADMINISTRACIÓN DE PROPIEDADES,peluffoyschiavo.com.uy,custom,,true,200,false,false,0,,,,https://www.peluffoyschiavo.com.uy/sitemap.xml,false,
PEREIRA INMOBILIARIA,labarra.com,custom,,true,403,false,false,0,,,,,false,
PORTO NEGOCIOS INMOBILIARIOS,porto-inmobiliaria.com,custom,,true,200,false,false,0,,,,,false,
PUNTA REALTY S.R.L.,yoopuntadeleste.com,custom,,true,200,false,false,0,,,https://www.google.com/recaptcha/api.js?render=6Leas6oqAAAAANWDPBwwdfS5wsPUW28vaitPPrdc,,false,
PUNTAWEB SERVICIOS,puntaweb.com,custom,,true,200,true,false,27,,https://www.puntaweb.com/cgi-bin/propiedades/propiedad.pl?t=alquiler_Cruceros:_excepcional_apartamento_de_tres_suites_y_parrillero_propio_con_vista_al_mar_en_Pinares.&ficha=A1768&op=2&lg=e https://www.puntaweb.com/cgi-bin/propiedades/propiedad.pl?t=alquiler_Icon_Brava:_apartamento_de_tres_dormitorios_y_dos_banos_en_edificio_con_excelentes_amenidades_a_cien_metros_de_la_playa_Brava.&ficha=A1665&op=2&lg=e https://www.puntaweb.com/cgi-bin/propiedades/propiedad.pl?t=alquiler_Tiburon_3:_excepcional_apartamento_de_tres_suites_mas_dependencia_en_piso_alto_frente_a_playa_Brava.&ficha=A1773&op=2&lg=e,,https://www.puntaweb.com/sitemap.xml,false,
PUNTO INMOBILIARIO,puntoinmobiliario.com.uy,custom,,true,403,false,false,0,,,,,false,
SABÁS PEREIRA NEGOCIOS INMOBILIARIOS,samar.uy,custom,,true,200,false,false,0,,,,,false,
SARA CAFARDO PROPIEDADES,saracafardopropiedades.com,custom,,true,200,true,false,36,,https://www.saracafardopropiedades.com/Propiedades https://www.saracafardopropiedades.com/Venta https://www.saracafardopropiedades.com/Alquiler,,,false,
SORHUET & SAPELLI,sorsap.com.uy,custom,,true,200,true,false,18,,https://www.sorsap.com.uy/propiedades/Alquiler/U$S/Sin_precio_m%C3%ADnimo/Sin_precio_m%C3%A1ximo/Todos_los_tipos/Todas_las_zonas https://www.sorsap.com.uy/propiedades/Venta/U$S/Sin_precio_m%C3%ADnimo/Sin_precio_m%C3%A1ximo/Todos_los_tipos/Todas_las_zonas https://www.sorsap.com.uy/propiedad/142,,,false,
TERRAMAR SERVICIOS INMOBILIARIOS,terramar.com.uy,custom,,true,200,false,false,0,,,,,false,
TORIBIO ACHAVAL,toribioachaval.com.uy,custom,,true,403,false,false,0,,,,,false,
VISTA AZUL INMOBILIARIA,vistaazul.com.uy,custom,,true,200,true,false,7,,https://www.vistaazul.com.uy/Venta https://www.vistaazul.com.uy/Alquiler https://www.vistaazul.com.uy/Apartamentos,,,false,
WILL NEGOCIOS INMOBILIARIOS,will.com.uy,custom,,true,200,false,false,0,,,,,false,
WYNTER INMOBILIARIA,wynterinmobiliaria.com,custom,,true,200,false,true,0,,,,,false,
ADDRESS NEGOCIOS INMOBILIARIOS,addresspuntadeleste.com,tera,sierra,true,200,true,false,23,,http://www.addresspuntadeleste.com/ http://www.addresspuntadeleste.com/casas/en-alquiler/,,,false,
ADRIANA MARTINO PROPIEDADES,adrianamartino.com,tera,sierra,true,200,true,false,40,,https://www.adrianamartino.com/ https://www.adrianamartino.com/casas/en-venta/,,,false,
AGROPUNTA PROPIEDADES,agropuntapropiedades.com,tera,sierra,true,200,true,false,40,,https://www.agropuntapropiedades.com/ https://www.agropuntapropiedades.com/casas/en-venta/,,,false,
ALFA GROUP INMOBILIARIA,alfagroupuy.com,tera,sierra,true,200,true,false,19,,https://www.alfagroupuy.com/casas/en-alquiler/ https://www.alfagroupuy.com/casas/en-venta/,,,false,
AMAZONA NEGOCIOS INMOBILIARIOS,amazona.uy,tera,sierra,true,200,true,false,11,,https://www.amazona.uy/ https://www.amazona.uy/casas/en-alquiler/,,,false,
AQUIPUNTA INMOBILIARIA,aquipuntainmobiliaria.com,tera,sierra,true,200,true,false,23,,https://www.aquipuntainmobiliaria.com/ https://www.aquipuntainmobiliaria.com/casas/en-alquiler/,,,false,
ATELIER INMOBILIARIO,atelierinmobiliario.com.uy,tera,sierra,true,200,true,false,30,,http://www.atelierinmobiliario.com.uy/ http://www.atelierinmobiliario.com.uy/casas/en-alquiler/,,,false,
B&H PROPIEDADES,bhpropiedades.com.uy,tera,sierra,true,200,true,false,10,,https://www.bhpropiedades.com.uy/ https://www.bhpropiedades.com.uy/casas/en-alquiler/,,,false,
BINTANG PROPIEDADES,bintang.com.uy,tera,sierra,true,200,true,false,15,,http://www.bintang.com.uy http://www.bintang.com.uy/casas/en-alquiler/,,,false,
BISTIANCIC PROPIEDADES,bistiancicpropiedades.com.uy,tera,sierra,true,200,true,false,30,,https://www.bistiancicpropiedades.com.uy/ https://www.bistiancicpropiedades.com.uy/casas/en-alquiler/,,,false,
BORSARI INMOBILIARIA,borsari.com.uy,tera,sierra,true,200,true,false,20,,https://www.borsari.com.uy/ https://www.borsari.com.uy/casas/en-alquiler/,,,false,
BRUMAR PROPIEDADES,brumar.uy,tera,sierra,true,200,true,false,10,,https://www.brumar.uy/ https://www.brumar.uy/casas/en-alquiler/,,,false,
CAETANO NEGOCIOS INMOBILIARIOS,caetano.com.uy,tera,sierra,true,200,true,false,19,,http://www.caetano.com.uy/casas/en-alquiler/ http://www.caetano.com.uy/casas/en-venta/,,,false,
CARRIQUIRY PROPIEDADES,carriquiry.com.uy,tera,,true,200,true,false,24,,http://carriquiry.com.uy/ http://carriquiry.com.uy/casas/en-venta/,,,false,
CORALES REAL ESTATE,coralesrealestate.com,tera,sierra,true,200,true,false,13,,http://coralesrealestate.com http://coralesrealestate.com/casas/en-venta/,,,false,
CRISTINA NAUM INMOBILIARIA,cristinanaum.com,tera,,true,200,true,false,14,,http://www.cristinanaum.com/casas/en-alquiler/ http://www.cristinanaum.com/casas/en-venta/,,,false,
CUPERTINO NEGOCIOS INMOBILIARIOS,cupertino.uy,tera,,true,200,true,false,6,,https://cupertino.uy/ https://cupertino.uy/apartamentos/en-alquiler/,,,false,
CÁNEPA Y CÁNEPA NEGOCIOS INMOBILIARIOS Y CAMPOS,canepa.com.uy,tera,,true,200,true,false,29,,https://www.canepa.com.uy/ https://www.canepa.com.uy/casas/en-alquiler/,,,false,
DE LEÓN PROPIEDADES,deleonpropiedades.com.uy,tera,sierra,true,200,true,false,24,,https://www.deleonpropiedades.com.uy/ https://www.deleonpropiedades.com.uy/casas/en-alquiler/,,,false,
ELIANA PINTOS BIENES RAÍCES,elianabienesraices.com,tera,sierra,true,200,true,false,11,,http://www.elianabienesraices.com http://www.elianabienesraices.com/casas/en-alquiler/,,,false,
FINCAS DEL ESTE,fincasdeleste.com.uy,tera,sierra,true,200,true,false,4,,http://www.fincasdeleste.com.uy http://www.fincasdeleste.com.uy/casas/en-alquiler/,,http://www.fincasdeleste.com.uy/sitemap.xml,false,
GALE PROPIEDADES Y ESCRIBANÍA,galepropiedades.com.uy,tera,sierra,true,200,true,false,40,,https://www.galepropiedades.com.uy https://www.galepropiedades.com.uy/casas/en-alquiler/,,,false,
GARRIDO ASOCIADAS NEGOCIOS INMOBILIARIOS,garridoasociadas.com,tera,sierra,true,200,true,false,20,,https://www.garridoasociadas.com/ https://www.garridoasociadas.com/casas/en-alquiler/,,,false,
GARY+ EXPERIENCIA INMOBILIARIA,gary.uy,tera,,true,200,true,false,9,,https://www.gary.uy https://www.gary.uy/,,https://www.gary.uy/sitemap.xml,false,
GIMENO´S REAL ESTATE,gimenos.com.uy,tera,sierra,true,200,true,false,10,,https://www.gimenos.com.uy/ https://www.gimenos.com.uy/casas/en-alquiler/,,,false,
GROW INVERSIONES INMOBILIARIAS,growinversionesinmobiliarias.uy,tera,sierra,true,200,true,false,23,,https://www.growinversionesinmobiliarias.uy https://www.growinversionesinmobiliarias.uy/casas/en-alquiler/,,https://www.growinversionesinmobiliarias.uy/sitemap.xml,false,
GRUPO RAZYEL,gruporazyel.uy,tera,sierra,true,200,true,false,11,,https://www.gruporazyel.uy/ https://www.gruporazyel.uy/casas/en-alquiler/,,,false,
INMOBILIARIA GARCÍA & CEDRÉS,garciaycedresinmobiliaria.com.uy,tera,sierra,true,200,true,false,20,,https://www.garciaycedresinmobiliaria.com.uy https://www.garciaycedresinmobiliaria.com.uy/casas/en-alquiler/,,,false,
INMOBILIARIA GORLERO,inmobiliariagorlero.com,tera,sierra,true,200,true,false,20,,https://www.inmobiliariagorlero.com/ https://www.inmobiliariagorlero.com/casas/en-alquiler/,,,false,
INMOBILIARIA PUCURULL,pucurull.com,tera,sierra,true,200,true,false,9,,https://www.pucurull.com/ https://www.pucurull.com/casas/en-alquiler/,,,false,
INMOBILIARIA PUNTA HOMES,puntahomes.uy,tera,sierra,true,200,true,false,38,,https://www.puntahomes.uy https://www.puntahomes.uy/casas/en-venta/,,,false,
INMOBILIARIA VERONA PUNTA,veronapunta.com,tera,sierra,true,200,true,false,12,,https://www.veronapunta.com/ https://www.veronapunta.com/casas/en-alquiler/,,,false,
INMOBILIARIA VISTANET,vistanet.uy,tera,sierra,true,200,true,false,15,,https://www.vistanet.uy https://www.vistanet.uy/casas/en-alquiler/,,,false,
INTEGRA ASESORES INMOBILIARIOS,integra.com.uy,tera,sierra,true,200,false,false,0,,,,,false,
INÉS PODESTÁ PROPIEDADES,inespodesta.com.uy,tera,sierra,true,200,true,false,40,,http://www.inespodesta.com.uy/ http://www.inespodesta.com.uy/casas/en-venta/,,,false,
IRV IVANNA RODRIGUEZ VIGNOLY PROPIEDADES,irvpropiedades.com,tera,sierra,true,200,true,false,28,,https://irvpropiedades.com/ https://irvpropiedades.com/casas/en-venta/,,,false,
JAVIER SENA INMOBILIARIA,javiersena.com,tera,sierra,true,200,true,false,18,,https://www.javiersena.com/ https://www.javiersena.com/casas/en-alquiler/,,,false,
JORGE DÍAZ PROPIEDADES,jorgediaz.com.uy,tera,sierra,true,200,true,false,10,,https://www.jorgediaz.com.uy/ https://www.jorgediaz.com.uy/casas/en-venta/,,,false,
KAREN COLOMBO PROPIEDADES,karencolombopropiedades.com,tera,sierra,true,200,true,false,10,,http://www.karencolombopropiedades.com http://www.karencolombopropiedades.com/casas/en-alquiler/,,,false,
LA PORTA NEGOCIOS INMOBILIARIOS,inmobiliarialaporta.com.uy,tera,,true,200,true,false,17,,https://www.inmobiliarialaporta.com.uy https://www.inmobiliarialaporta.com.uy/casas/en-alquiler/,,,false,
LATITUD PUNTA,latitudpunta.com.uy,tera,,true,200,true,false,20,,https://www.latitudpunta.com.uy,https://www.latitudpunta.com.uy/manifest.json,,false,
LILIÁN FURTADO INMOBILIARIA,lilianfurtado.com,tera,sierra,true,200,true,false,12,,https://www.lilianfurtado.com/casas/en-alquiler/ https://www.lilianfurtado.com/casas/en-venta/,,,false,
M&M BROKER,mmbroker.global,tera,sierra,true,200,true,false,10,,https://mmbroker.global/ https://mmbroker.global/casas/en-alquiler/,,,false,
MACHADO INMOBILIARIA,machadoinmobiliaria.com.uy,tera,sierra,true,200,true,false,22,,https://www.machadoinmobiliaria.com.uy/ https://www.machadoinmobiliaria.com.uy/casas/en-alquiler/,,,false,
MAR Y TIERRA PROPIEDADES,marytierra.com.uy,tera,sierra,true,200,true,false,21,,https://www.marytierra.com.uy/ https://www.marytierra.com.uy/casas/en-venta/,,,false,
MARTA OJEDA INMOBILIARIA,martaojeda.com.uy,tera,sierra,true,200,true,false,5,,http://www.martaojeda.com.uy/ http://www.martaojeda.com.uy/casas/en-alquiler/,,,false,
MD PROPIEDADES,mdpropiedades.com,tera,sierra,true,200,true,false,24,,http://www.mdpropiedades.com/ http://www.mdpropiedades.com/casas/en-venta/,,,false,
MIRANDA Y DÍAZ PROPIEDADES,mirandaydiaz.com,tera,sierra,true,200,false,false,0,,,,,false,
MONTAÑÉS PROPIEDADES,emp.com.uy,tera,sierra,true,200,true,false,20,,https://montanes.uy/ https://montanes.uy/casas/en-venta/,,,false,
NICOLÁS DE MÓDENA INMOBILIARIA,nicolasdemodena.com,tera,,true,200,true,false,24,UTDAdp2UIq62,https://www.nicolasdemodena.com/ https://www.nicolasdemodena.com/casas/en-alquiler/,,https://www.nicolasdemodena.com/sitemap.xml,false,
NIETO & PÁEZ INMOBILIARIA,nietoypaezinmobiliaria.com,tera,sierra,true,200,true,false,20,,https://www.nietoypaezinmobiliaria.com/ https://www.nietoypaezinmobiliaria.com/casas/en-alquiler/,,,false,
PAROLIN & ASOCIADOS PROPIEDADES,parolinpropiedades.com,tera,sierra,true,200,true,false,18,,https://www.parolinpropiedades.com/ https://www.parolinpropiedades.com/casas/en-alquiler/,,,false,
PEDRO GAVA NEGOCIOS INMOBILIARIOS,pedrogava.com,tera,sierra,true,200,true,false,36,,https://www.pedrogava.com/ https://www.pedrogava.com/casas/en-venta/,,,false,
PLAYA DEL ESTE INMOBILIARIA,inmobiliariaplayadeleste.com,tera,sierra,true,200,true,false,29,,https://www.inmobiliariaplayadeleste.com/ https://www.inmobiliariaplayadeleste.com/casas/en-alquiler/,,,false,
PRANA BROKERS,pranabrokers.com.uy,tera,sierra,true,200,true,false,16,,https://www.pranabrokers.com.uy/casas/en-venta/ https://www.pranabrokers.com.uy/apartamentos/en-alquiler/,,,false,
PUNTA BALLENA INMOBILIARIA,puntaballenainmobiliaria.com,tera,,true,200,true,false,19,,http://puntaballenainmobiliaria.com/,,,false,
REAL NEGOCIOS INMOBILIARIOS,realinmobiliaria.com.uy,tera,sierra,true,200,true,false,38,,https://www.realinmobiliaria.com.uy https://www.realinmobiliaria.com.uy/casas/en-venta/,,,false,
REBECA NEGOCIOS INMOBILIARIOS,rebecainmobiliaria.com,tera,,true,200,true,false,8,,https://www.rebecainmobiliaria.com/ https://www.rebecainmobiliaria.com/casas/en-alquiler/,,,false,
ROSA BOSSO NEGOCIOS INMOBILIARIOS,inmobiliariarosabosso.com,tera,sierra,true,200,true,false,20,,https://www.inmobiliariarosabosso.com/ https://www.inmobiliariarosabosso.com/casas/en-alquiler/,,,false,
RÍO DE LA PLATA INMOBILIARIA,riodelaplatainmobiliaria.com,tera,sierra,true,200,true,false,18,,https://riodelaplatainmobiliaria.com/apartamentos/en-alquiler/,,https://riodelaplatainmobiliaria.com/sitemap.xml,false,
SANTIAGO PEREYRA PROPIEDADES,santiagopereyra.com.uy,tera,sierra,true,200,true,false,35,kXNKyPzPFklQ,https://www.santiagopereyra.com.uy/ https://www.santiagopereyra.com.uy/casas/en-alquiler/,,,false,
SANTOS DUMONT INMOBILIARIA,santosdumont.com.uy,tera,sierra,true,200,true,false,20,,https://www.santosdumont.com.uy/ https://www.santosdumont.com.uy/casas/en-alquiler/,,,false,
SHIRLEY COR PROPIEDADES,shirleycor.com,tera,sierra,true,200,true,false,18,,https://www.shirleycor.com/ https://www.shirleycor.com/casas/en-alquiler/,,,false,
SÁDER INMOBILIARIA,saderinmobiliaria.com,tera,sierra,true,200,true,false,16,,https://www.saderinmobiliaria.com/ https://www.saderinmobiliaria.com/casas/en-alquiler/,,,false,
TAMBOLINI PROPIEDADES,tambolini.com,tera,sierra,true,200,true,false,40,,https://www.tambolini.com/ https://www.tambolini.com/casas/en-alquiler/,,,false,
URUSOL INMOBILIAIRA,urusol.uy,tera,sierra,true,200,true,false,8,,https://urusol.uy/ https://urusol.uy/casas/en-alquiler/,,,false,
VILLALBA PROPIEDADES,villalbapropiedades.com,tera,sierra,true,200,true,false,16,,https://www.villalbapropiedades.com https://www.villalbapropiedades.com/casas/en-alquiler/,,,false,
VIP PUNTA PRO,vippuntapro.com,tera,sierra,true,200,true,false,17,,http://www.vippuntapro.com http://www.vippuntapro.com/casas/en-alquiler/,,,false,
WAVE REAL ESTATE,waveuy.com,tera,sierra,true,200,true,false,40,,https://www.waveuy.com/ https://www.waveuy.com/casas/en-alquiler/,,,false,
ÍNDIGO PROPIEDADES,indigopropiedades.com,tera,sierra,true,200,true,false,18,,http://www.indigopropiedades.com/ http://www.indigopropiedades.com/casas/en-alquiler/,,,false,
APOLOGROUP NEGOCIOS INMOBILIARIOS,,unknown,,false,0,false,false,0,,,,,false,agency has no website
ARCO’S NEGOCIOS INMOBILIARIOS,,unknown,,false,0,false,false,0,,,,,false,agency has no website
BLÁS PROPIEDADES,,unknown,,false,0,false,false,0,,,,,false,agency has no website
BOSQUEMAR GESTIÓN INMOBILIARIA,,unknown,,false,0,false,false,0,,,,,false,agency has no website
CLAUDIA SILVA ADMINISTRACIONES,,unknown,,false,0,false,false,0,,,,,false,agency has no website
FRANCA REAL ESTATE,francarealestate.com,unknown,,false,0,false,false,0,,,,,false,"Get ""https://www.francarealestate.com"": dial tcp 108.163.145.209:443: i/o timeout"
INMOBILIARIA DEL TRIÁNGULO,,unknown,,false,0,false,false,0,,,,,false,agency has no website
INMOBILIARIA GABRIEL BARRIOS,,unknown,,false,0,false,false,0,,,,,false,agency has no website
PABLO Y SUÁREZ PROPIEDADES,pabloysuarez.com,unknown,,false,0,false,false,0,,,,,false,no such host
PAN DE AZÚCAR INMOBILIARIA,,unknown,,false,0,false,false,0,,,,,false,agency has no website
REMAX MAR,,unknown,,false,0,false,false,0,,,,,false,agency has no website
STERN SERVICIOS INMOBILIARIOS,sternyasociados.com,unknown,,false,0,false,false,0,,,,,false,no such host
SUEVIA INMOBILIARIA,inmobiliariasuevia.com,unknown,,false,0,false,false,0,,,,,false,no such host
VIÑOLY NEGOCIOS INMOBILIARIOS,viñolynegociosinmobiliarios.com,unknown,,false,0,false,false,0,,,,,false,no such host
GINEVRA INTERNATIONAL REALTY,ginevrasir.com,wix,,true,404,false,true,0,,,,,false,
JUAN MIRABALLES VENTAS Y ALQUILERS,juanmiraballes.com,wix,,true,200,true,false,5,,https://www.juanmiraballes.com/,https://static.parastorage.com/tag-bundler/api/v1/fonts-cache/googlefont/woff2/s/damion/v15/hv-XlzJ3KEUe_YZkZGw2EzJwV9J-.woff2 https://static.parastorage.com/tag-bundler/api/v1/fonts-cache/googlefont/woff2/s/damion/v15/hv-XlzJ3KEUe_YZkamw2EzJwVw.woff2 https://static.parastorage.com/tag-bundler/api/v1/fonts-cache/googlefont/woff2/s/play/v11/6ae84K2oVqwItm4TCp0y2lvQNTIQoQ.woff2 https://static.parastorage.com/tag-bundler/api/v1/fonts-cache/googlefont/woff2/s/play/v11/6ae84K2oVqwItm4TCp4y2lvQNTIQoQ.woff2 https://static.parastorage.com/tag-bundler/api/v1/fonts-cache/googlefont/woff2/s/play/v11/6ae84K2oVqwItm4TCp8y2lvQNTIQoQ.woff2 https://static.parastorage.com/tag-bundler/api/v1/fonts-cache/googlefont/woff2/s/play/v11/6ae84K2oVqwItm4TCpAy2lvQNTI.woff2 https://static.parastorage.com/tag-bundler/api/v1/fonts-cache/googlefont/woff2/s/play/v11/6ae84K2oVqwItm4TCpMy2lvQNTIQoQ.woff2 https://static.parastorage.com/tag-bundler/api/v1/fonts-cache/googlefont/woff2/s/play/v11/6ae84K2oVqwItm4TCpQy2lvQNTIQoQ.woff2,https://www.juanmiraballes.com/sitemap.xml,false,
ZULAMIÁN DESARROLLOS INMOBILIARIOS,zulamian.com,wix,,true,200,false,false,0,,,https://static.parastorage.com/tag-bundler/api/v1/fonts-cache/googlefont/woff2/s/raleway/v26/1Ptug8zYS_SKggPNyC0IT4ttDfA.woff2 https://static.parastorage.com/tag-bundler/api/v1/fonts-cache/googlefont/woff2/s/roboto/v18/fIKu7GwZTy_12XzG_jt8eA.woff2 https://static.parastorage.com/tag-bundler/api/v1/fonts-cache/googlefont/woff2/s/roboto/v32/KFOkCnqEu92Fr1Mu51xIIzIXKMny.woff2 https://static.parastorage.com/tag-bundler/api/v1/fonts-cache/googlefont/woff2/s/roboto/v32/KFOmCnqEu92Fr1Mu4WxKKTU1Kvnz.woff2 https://static.parastorage.com/tag-bundler/api/v1/fonts-cache/googlefont/woff2/s/roboto/v32/KFOmCnqEu92Fr1Mu4mxKKTU1Kg.woff2 https://static.parastorage.com/tag-bundler/api/v1/fonts-cache/googlefont/woff2/s/roboto/v32/KFOmCnqEu92Fr1Mu5mxKKTU1Kvnz.woff2 https://static.parastorage.com/tag-bundler/api/v1/fonts-cache/googlefont/woff2/s/roboto/v32/KFOmCnqEu92Fr1Mu72xKKTU1Kvnz.woff2 https://static.parastorage.com/tag-bundler/api/v1/fonts-cache/googlefont/woff2/s/roboto/v32/KFOmCnqEu92Fr1Mu7GxKKTU1Kvnz.woff2,https://www.zulamian.com/sitemap.xml,false,
AISPURÚ BIENES RAÍCES,aispuru.com,wordpress,,true,200,true,false,10,,https://aispuru.com/propiedades/,https://aispuru.com/manifest.json https://aispuru.com/wp-json/wp/v2/ https://fonts.googleapis.com,https://aispuru.com/sitemap.xml https://aispuru.com/sitemap_index.xml,false,
ANTONIO MIERES NEGOCIOS INMOBILIARIOS,antoniomieres.com.uy,wordpress,,true,200,true,false,6,,https://antoniomieres.com.uy/ https://antoniomieres.com.uy/campos-en-venta-en-uruguay/,https://antoniomieres.com.uy/wp-json/wp/v2/ https://fonts.googleapis.com,https://antoniomieres.com.uy/sitemap.xml https://antoniomieres.com.uy/sitemap_index.xml,false,
BRICK REAL ESTATE,inmobiliariabrick.com,wordpress,,true,200,true,false,28,,https://www.inmobiliariabrick.com/ https://www.inmobiliariabrick.com/propiedades/,https://fonts.googleapis.com https://www.inmobiliariabrick.com/wp-json/wp/v2/,https://www.inmobiliariabrick.com/sitemap.xml,false,
CASA VALOR,casavalor.com.uy,wordpress,,true,500,false,false,0,,,https://casavalor.com.uy/wp-json/wp/v2/,https://casavalor.com.uy/sitemap.xml,false,
EDUARDO RODRIGO & ASOCIADOS NEGOCIOS INMOBILIARIOS,eduardorodrigo.com.uy,wordpress,,true,200,true,false,12,,https://eduardorodrigo.com.uy/ https://eduardorodrigo.com.uy/propiedades/,https://eduardorodrigo.com.uy/wp-json/wp/v2/,https://eduardorodrigo.com.uy/sitemap.xml,false,
FARO GRUPO INMOBILIARIO,faro.com.uy,wordpress,,true,200,true,false,5,,https://www.faro.com.uy/,https://fonts.googleapis.com https://www.faro.com.uy/wp-json/wp/v2/,https://www.faro.com.uy/sitemap.xml https://www.faro.com.uy/sitemap_index.xml,false,
FOCUS  PROPERTIES URUGUAY,focusproperties.com.uy,wordpress,,true,200,false,false,0,,,https://focuspropertiesuruguay.com/wp-json/wp/v2/ https://fonts.googleapis.com,https://focuspropertiesuruguay.com/sitemap.xml,false,
GREEN PARK URUGUAY – GPUy,greenparkuruguay.com,wordpress,,true,200,false,false,0,,,https://fonts.googleapis.com https://greenparkuruguay.com/wp-json/wp/v2/,https://greenparkuruguay.com/sitemap.xml https://greenparkuruguay.com/sitemap_index.xml,false,
GRUPO ESTENZA REAL ESTATE & LIFESTYLE,grupoestenza.com,wordpress,,true,200,true,false,23,,https://grupoestenza.com/ https://grupoestenza.com/propiedades/,https://fonts.googleapis.com https://grupoestenza.com/wp-json/wp/v2/,https://grupoestenza.com/sitemap.xml https://grupoestenza.com/sitemap_index.xml,false,
INVERGROUP,invergroup.com.uy,wordpress,,true,200,false,false,0,,,https://static.parastorage.com/tag-bundler/api/v1/fonts-cache/googlefont/woff2/s/manrope/v19/xn7gYHE41ni1AdIRggexSvfedN4.woff2 https://static.parastorage.com/tag-bundler/api/v1/fonts-cache/googlefont/woff2/s/raleway/v26/1Ptug8zYS_SKggPNyC0IT4ttDfA.woff2 https://www.invergroup.com.uy/_api/one-app-session-web/v3/businesses https://www.invergroup.com.uy/_api/v1/access-tokens https://www.invergroup.com.uy/_api/v2/dynamicmodel https://www.invergroup.com.uy/api/ https://www.invergroup.com.uy/wp-json/wp/v2/,https://www.invergroup.com.uy/sitemap.xml,false,
LOCATION SRL,location.uy,wordpress,,true,200,true,false,4,,https://www.location.uy/,https://fonts.googleapis.com https://www.location.uy/wp-json/wp/v2/,https://www.location.uy/sitemap.xml https://www.location.uy/sitemap_index.xml,false,
URUHAUS,uruhaus.com,wordpress,,true,200,false,false,0,,,https://uruhaus.com/wp-json/wp/v2/,https://uruhaus.com/sitemap.xml,false,
VAN BEVERN PROPIEDADES,van-bevern.com,wordpress,,true,200,false,false,0,,,https://fonts.googleapis.com/css2?family= https://www.google.com/recaptcha/api.js?render=explicit&#038;onload=houzezReCaptchaLoad&%23038;ver=4.2.4 https://www.van-bevern.com/wp-json/wp/v2/,https://www.van-bevern.com/sitemap.xml https://www.van-bevern.com/sitemap_index.xml,false,
WMW Weiss Mora Weiss,wsw.com.uy,wordpress,,true,200,false,false,0,,,https://www.puntadeleste.net/wp-json/wp/v2/,https://www.puntadeleste.net/sitemap.xml,false,
